Nom_Ciudad,Talla_Solicitada,Unidades
AGUACHICA,7,1
AGUACHICA,10,3
AGUACHICA,11,2
AGUACHICA,16,1
AGUSTIN CODAZZI,3,1
AGUSTIN CODAZZI,4,1
AGUSTIN CODAZZI,5,1
AGUSTIN CODAZZI,6,1
AGUSTIN CODAZZI,9,8
AGUSTIN CODAZZI,10,5
AGUSTIN CODAZZI,11,2
AGUSTIN CODAZZI,12,3
AGUSTIN CODAZZI,16,3
APARTADO,10,1
APARTADO,11,1
APARTADO,16,1
ARACATACA,13,2
ARAUCA,9,2
ARAUCA,10,3
ARAUCA,12,1
ARAUCA,16,1
ARIGUANI,11,1
ARJONA,9,1
ARJONA,10,8
ARJONA,11,1
ARJONA,16,1
ASTREA,8,1
ASTREA,10,2
ASTREA,11,1
ASTREA,13,1
ASTREA,16,1
BARANOA,9,5
BARANOA,10,3
BARANOA,11,2
BARANOA,12,1
BARANOA,13,1
BARANOA,16,2
BARANOA,36,1
BARRANCABERMEJA,6,1
BARRANCABERMEJA,7,2
BARRANCABERMEJA,9,3
BARRANCABERMEJA,12,1
BARRANCABERMEJA,16,2
BARRANCAS,3,1
BARRANCAS,11,1
BARRANCAS,12,5
BARRANCAS,13,2
BARRANCAS,17,2
BARRANCAS,30,1
BARRANQUILLA,2,3
BARRANQUILLA,3,13
BARRANQUILLA,4,13
BARRANQUILLA,5,17
BARRANQUILLA,6,12
BARRANQUILLA,7,1
BARRANQUILLA,9,286
BARRANQUILLA,10,320
BARRANQUILLA,11,115
BARRANQUILLA,12,169
BARRANQUILLA,13,85
BARRANQUILLA,16,90
BARRANQUILLA,17,8
BARRANQUILLA,18,1
BARRANQUILLA,23,3
BARRANQUILLA,25,2
BARRANQUILLA,26,1
BARRANQUILLA,27,1
BARRANQUILLA,30,5
BARRANQUILLA,31,7
BARRANQUILLA,36,32
BARRANQUILLA,50,23
BARRANQUILLA,53,6
BECERRIL,6,1
BECERRIL,9,1
BECERRIL,10,1
BECERRIL,11,6
BECERRIL,12,3
BELLO,11,1
BELLO,16,1
"BOGOTA, D.C.",3,1
"BOGOTA, D.C.",4,2
"BOGOTA, D.C.",9,13
"BOGOTA, D.C.",10,21
"BOGOTA, D.C.",11,10
"BOGOTA, D.C.",12,5
"BOGOTA, D.C.",13,3
"BOGOTA, D.C.",16,11
"BOGOTA, D.C.",36,2
BOLIVAR,16,1
BOSCONIA,2,1
BOSCONIA,4,1
BOSCONIA,9,2
BOSCONIA,10,4
BOSCONIA,11,2
BOSCONIA,12,1
BOSCONIA,13,1
BOSCONIA,16,2
BOSCONIA,26,2
BOSCONIA,36,1
BUCARAMANGA,2,4
BUCARAMANGA,4,1
BUCARAMANGA,6,1
BUCARAMANGA,7,1
BUCARAMANGA,9,1
BUCARAMANGA,10,8
BUCARAMANGA,11,3
BUCARAMANGA,12,2
BUCARAMANGA,16,6
BUENAVISTA,4,1
BUENAVISTA,9,2
BUENAVISTA,12,1
CAJICA,6,1
CALAMAR,9,2
CALAMAR,10,2
CALAMAR,13,1
CALAMAR,16,1
CALAMAR,36,1
CANALETE,9,1
CANALETE,16,1
CANDELARIA,11,1
CARTAGENA,2,1
CARTAGENA,4,1
CARTAGENA,9,27
CARTAGENA,10,26
CARTAGENA,11,9
CARTAGENA,12,11
CARTAGENA,13,3
CARTAGENA,16,17
CARTAGENA,23,1
CARTAGENA,36,5
CAUCASIA,10,1
CAUCASIA,16,1
CAUCASIA,36,3
CERETE,9,3
CERETE,10,3
CERETE,11,1
CERETE,12,1
CERETE,13,1
CERETE,16,4
CERETE,36,4
CHIMICHAGUA,9,1
CHINU,4,1
CHINU,11,1
CHINU,12,1
CHINU,16,1
CHIRIGUANA,9,6
CHIRIGUANA,10,1
CHIRIGUANA,12,1
CHIRIGUANA,36,1
CIENAGA,9,3
CIENAGA,10,2
CIENAGA,11,2
CIENAGA,12,3
CIENAGA,13,2
CIENAGA,16,1
CIENAGA,30,1
CIENAGA DE ORO,9,1
CIENAGA DE ORO,10,1
CIENAGA DE ORO,16,1
CIENEGA,12,1
COPACABANA,10,1
COPACABANA,16,1
COROZAL,12,1
COROZAL,16,1
COROZAL,20,1
COROZAL,36,1
CUCUTA,4,1
CUCUTA,9,4
CUCUTA,10,7
CUCUTA,11,2
CUCUTA,12,1
CUCUTA,16,4
CUCUTA,36,1
DIBULLA,13,1
EL BAGRE,13,1
EL BANCO,5,1
EL BANCO,12,3
EL BANCO,50,3
EL CARMEN DE BOLIVAR,9,1
EL CARMEN DE BOLIVAR,12,1
EL MOLINO,4,3
EL MOLINO,9,8
EL MOLINO,10,1
EL PASO,2,2
EL PASO,4,1
EL PASO,5,2
EL PASO,6,1
EL PASO,9,1
EL PASO,10,3
EL PASO,11,1
EL PASO,16,3
EL PASO,20,1
EL PASO,36,1
EL RETEN,6,1
EL RETEN,9,1
EL RETEN,12,1
EL RETEN,16,4
ESPINAL,12,3
ESPINAL,30,1
FACATATIVA,10,1
FACATATIVA,12,1
FACATATIVA,16,2
FLORENCIA,3,3
FLORENCIA,4,1
FLORENCIA,9,2
FLORENCIA,10,2
FLORENCIA,11,2
FLORENCIA,16,3
FLORIDABLANCA,9,1
FLORIDABLANCA,10,1
FLORIDABLANCA,16,2
FLORIDABLANCA,36,4
FONSECA,9,1
FONSECA,10,2
FONSECA,11,1
FONSECA,16,2
FRONTINO,10,1
FUNDACION,3,1
FUNDACION,9,3
FUNDACION,10,4
FUNDACION,11,4
FUNDACION,12,4
FUNDACION,16,4
FUNDACION,50,1
FUNDACION,63,1
GALAPA,9,1
GALAPA,13,1
GIRARDOT,36,1
GIRARDOT,50,1
HATONUEVO,10,1
HATONUEVO,11,3
HATONUEVO,12,1
HATONUEVO,16,1
IBAGUE,10,1
IBAGUE,11,1
IBAGUE,12,1
IBAGUE,16,2
JUAN DE ACOSTA,10,2
JUAN DE ACOSTA,13,1
JUAN DE ACOSTA,16,1
LA APARTADA,13,1
LA JAGUA DE IBIRICO,5,1
LA JAGUA DE IBIRICO,6,1
LA JAGUA DE IBIRICO,9,1
LA JAGUA DE IBIRICO,10,4
LA JAGUA DE IBIRICO,11,5
LA JAGUA DE IBIRICO,12,4
LA JAGUA DE IBIRICO,13,2
LA JAGUA DE IBIRICO,23,2
LA LOMA,9,1
LA LOMA,10,2
LA PAZ,9,1
LA PAZ,10,1
LA PAZ,11,1
LETICIA,10,2
LETICIA,16,1
LORICA,4,1
LORICA,9,1
LORICA,10,7
LORICA,12,1
LORICA,16,2
LORICA,50,1
LOS PATIOS,13,1
LOS PATIOS,16,1
MADRID,10,1
MADRID,16,1
MAGANGUE,9,1
MAGANGUE,10,3
MAGANGUE,11,2
MAGANGUE,12,1
MAGANGUE,16,1
MAGANGUE,36,1
MAICAO,2,1
MAICAO,3,1
MAICAO,4,3
MAICAO,5,1
MAICAO,6,1
MAICAO,9,4
MAICAO,10,12
MAICAO,12,5
MAICAO,13,1
MAICAO,16,6
MAICAO,17,1
MAICAO,36,1
MAJAGUAL,11,2
MALAMBO,10,1
MALAMBO,12,1
MALAMBO,13,3
MALAMBO,16,1
MALAMBO,36,1
MANATI,13,1
MANAURE,5,2
MANAURE,7,2
MANAURE,9,3
MANAURE,12,4
MANAURE,16,5
MEDELLIN,3,4
MEDELLIN,9,10
MEDELLIN,10,3
MEDELLIN,11,1
MEDELLIN,12,4
MEDELLIN,16,3
MEDELLIN,31,1
MOMIL,10,1
MOMPOS,9,5
MOMPOS,10,8
MOMPOS,11,1
MOMPOS,12,5
MOMPOS,13,1
MONTELIBANO,11,2
MONTELIBANO,12,1
MONTERIA,2,1
MONTERIA,3,11
MONTERIA,4,14
MONTERIA,5,12
MONTERIA,6,9
MONTERIA,7,3
MONTERIA,8,7
MONTERIA,9,83
MONTERIA,10,81
MONTERIA,11,32
MONTERIA,12,65
MONTERIA,13,31
MONTERIA,16,19
MONTERIA,17,1
MONTERIA,19,1
MONTERIA,23,1
MONTERIA,30,3
MONTERIA,31,1
MONTERIA,36,14
MONTERIA,50,5
MONTERIA,55,1
MONTERIA,60,2
MONTERREY,10,1
MOSQUERA,13,1
MOSQUERA,16,1
NECHI,10,1
NUEVA GRANADA,13,1
NUEVA GRANADA,16,1
OCA??A,6,1
OCA??A,9,3
OCA??A,10,3
OCA??A,16,1
OCA??A,24,1
PAILITAS,10,1
PAILITAS,12,1
PALMAR DE VARELA,9,5
PALMAR DE VARELA,10,4
PALMAR DE VARELA,11,2
PALMAR DE VARELA,12,2
PALMAR DE VARELA,13,2
PALMAR DE VARELA,36,1
PEDRAZA,12,2
PEDRAZA,16,1
PELAYA,4,1
PELAYA,9,1
PIEDECUESTA,10,1
PIJI??O DEL CARMEN,12,1
PIOJO,12,1
PITALITO,11,2
PITALITO,36,2
PIVIJAY,9,1
PIVIJAY,10,3
PIVIJAY,11,3
PIVIJAY,36,2
PLANETA RICA,9,1
PLANETA RICA,11,1
PLANETA RICA,12,2
PLANETA RICA,13,2
PLANETA RICA,16,1
PLANETA RICA,31,1
PLANETA RICA,36,1
PLATO,3,1
PLATO,5,1
PLATO,9,1
PLATO,10,6
PLATO,11,2
PLATO,13,1
PLATO,16,1
PLATO,24,1
PLATO,50,1
POLONUEVO,16,1
PONEDERA,10,2
PUEBLO BELLO,10,3
PUERTO BERRIO,9,1
PUERTO COLOMBIA,5,1
PUERTO COLOMBIA,9,6
PUERTO COLOMBIA,10,7
PUERTO COLOMBIA,12,4
PUERTO COLOMBIA,16,5
PUERTO COLOMBIA,36,1
PUERTO COLOMBIA,50,2
PUERTO COLOMBIA,63,1
PUERTO GAITAN,11,1
PUERTO GAITAN,16,1
PUERTO LIBERTADOR,9,1
PUERTO LIBERTADOR,11,2
PURIFICACION,9,1
PURIFICACION,16,1
QUIBDO,10,3
QUIBDO,16,1
RIO DE ORO,12,1
RIO DE ORO,16,1
RIOHACHA,1,1
RIOHACHA,2,2
RIOHACHA,3,1
RIOHACHA,4,3
RIOHACHA,5,2
RIOHACHA,7,1
RIOHACHA,8,2
RIOHACHA,9,19
RIOHACHA,10,19
RIOHACHA,11,9
RIOHACHA,12,14
RIOHACHA,13,8
RIOHACHA,16,13
RIOHACHA,17,1
RIOHACHA,20,1
RIOHACHA,27,1
RIOHACHA,31,1
RIOHACHA,36,2
RIOHACHA,50,1
SABANA DE TORRES,30,1
SABANAGRANDE,9,2
SABANAGRANDE,10,3
SABANAGRANDE,11,1
SABANAGRANDE,12,1
SABANAGRANDE,16,1
SABANALARGA,3,1
SABANALARGA,9,14
SABANALARGA,10,12
SABANALARGA,11,4
SABANALARGA,12,5
SABANALARGA,13,4
SABANALARGA,16,1
SABANALARGA,50,1
SABANALARGA,63,3
SAHAGUN,9,1
SAHAGUN,10,5
SAHAGUN,11,4
SAHAGUN,12,1
SAHAGUN,13,1
SAHAGUN,16,5
SAHAGUN,36,1
SALDA??A,12,1
SALDA??A,16,1
SAN ANTERO,6,1
SAN DIEGO,9,1
SAN DIEGO,12,2
SAN JUAN DEL CESAR,3,1
SAN JUAN DEL CESAR,4,1
SAN JUAN DEL CESAR,6,2
SAN JUAN DEL CESAR,9,12
SAN JUAN DEL CESAR,10,10
SAN JUAN DEL CESAR,11,1
SAN JUAN DEL CESAR,12,4
SAN JUAN DEL CESAR,13,3
SAN JUAN DEL CESAR,16,2
SAN JUAN DEL CESAR,18,1
SAN JUAN DEL CESAR,31,4
SAN JUAN DEL CESAR,36,1
SAN JUAN NEPOMUCENO,16,1
SAN JUAN NEPOMUCENO,50,1
SAN MARTIN,13,1
SAN MARTIN,16,2
SAN MARTIN,36,1
SAN PEDRO DE URABA,10,1
SAN PELAYO,12,3
SAN ROQUE,9,1
SANTA ANA,9,4
SANTA ANA,10,1
SANTA MARIA,36,2
SANTA MARTA,2,1
SANTA MARTA,4,4
SANTA MARTA,5,2
SANTA MARTA,7,2
SANTA MARTA,9,21
SANTA MARTA,10,27
SANTA MARTA,11,7
SANTA MARTA,12,20
SANTA MARTA,13,4
SANTA MARTA,16,15
SANTA MARTA,25,1
SANTA MARTA,31,1
SANTA MARTA,36,4
SANTA MARTA,50,2
SANTANDER DE QUILICHAO,11,1
SANTO TOMAS,7,1
SANTO TOMAS,10,3
SANTO TOMAS,13,1
SINCELEJO,2,1
SINCELEJO,3,1
SINCELEJO,4,2
SINCELEJO,8,2
SINCELEJO,9,5
SINCELEJO,10,8
SINCELEJO,11,4
SINCELEJO,12,5
SINCELEJO,13,2
SINCELEJO,16,7
SINCELEJO,30,1
SITIONUEVO,9,2
SITIONUEVO,10,1
SOACHA,9,1
SOACHA,12,1
SOACHA,16,2
SOLEDAD,4,2
SOLEDAD,5,1
SOLEDAD,6,2
SOLEDAD,9,11
SOLEDAD,10,11
SOLEDAD,11,5
SOLEDAD,12,5
SOLEDAD,13,7
SOLEDAD,16,3
SOLEDAD,31,1
SUCRE,9,1
SUCRE,10,1
SUCRE,16,1
SUPIA,9,3
SUPIA,10,1
SUPIA,16,2
TALAIGUA NUEVO,9,1
TALAIGUA NUEVO,10,1
TALAIGUA NUEVO,12,1
TENERIFE,13,1
TIERRALTA,9,1
TIERRALTA,10,1
TIERRALTA,11,3
TIERRALTA,12,3
TOLU VIEJO,10,1
TOLU VIEJO,16,1
TURBACO,9,6
TURBACO,10,1
TURBACO,13,1
TURBACO,16,6
URIBIA,2,1
URIBIA,4,3
URIBIA,9,4
URIBIA,10,5
URIBIA,11,1
URIBIA,16,1
URIBIA,17,1
URUMITA,10,1
URUMITA,12,2
VALENCIA,9,1
VALENCIA,10,1
VALENCIA,12,2
VALENCIA,16,1
VALLEDUPAR,1,4
VALLEDUPAR,2,10
VALLEDUPAR,3,24
VALLEDUPAR,4,21
VALLEDUPAR,5,19
VALLEDUPAR,6,13
VALLEDUPAR,7,14
VALLEDUPAR,8,4
VALLEDUPAR,9,240
VALLEDUPAR,10,211
VALLEDUPAR,11,93
VALLEDUPAR,12,126
VALLEDUPAR,13,71
VALLEDUPAR,16,62
VALLEDUPAR,17,1
VALLEDUPAR,20,1
VALLEDUPAR,25,1
VALLEDUPAR,30,3
VALLEDUPAR,31,3
VALLEDUPAR,36,23
VALLEDUPAR,40,1
VALLEDUPAR,50,8
VALLEDUPAR,53,2
VALLEDUPAR,63,5
VENTA INTERNACIONAL,5,1
VENTA INTERNACIONAL,8,1
VENTA INTERNACIONAL,12,1
VENTA INTERNACIONAL,16,2
VILLANUEVA,2,1
VILLANUEVA,9,1
VILLANUEVA,10,3
VILLANUEVA,11,4
VILLANUEVA,12,2
VILLANUEVA,40,1
VILLANUEVA,50,1
VILLAVICENCIO,2,1
VILLAVICENCIO,9,1
VILLAVICENCIO,10,3
VILLAVICENCIO,11,1
VILLAVICENCIO,13,4
VILLAVICENCIO,16,1
VILLAVICENCIO,30,1
VILLAVICENCIO,50,1
YOPAL,12,1
YOPAL,16,1
