Cliente_Id_Cliente,F,M
7,6,1378000.0
11,1,389000.0
59,2,298000.0
69,1,295000.0
113,4,624000.0
132,5,1296000.0
145,5,810000.0
155,9,1607000.0
156,6,1544000.0
221,1,249000.0
228,1,149000.0
312,3,537000.0
322,1,295000.0
339,2,498000.0
340,7,1432000.0
380,1,441000.0
386,1,295000.0
394,2,538000.0
404,2,574000.0
416,1,295000.0
472,1,349000.0
602,1,250000.0
626,2,493000.0
652,3,1239000.0
668,2,3000000.0
674,3,287000.0
687,8,2942000.0
779,3,793000.0
789,1,300000.0
796,3,894000.0
808,1,134000.0
821,5,963000.0
862,1,279000.0
901,2,428000.0
905,1,295000.0
906,2,628000.0
928,4,1102000.0
936,2,358000.0
943,1,295000.0
944,3,686000.0
945,7,2295000.0
991,2,397000.0
1037,2,439000.0
1044,3,675000.0
1046,3,775000.0
1087,1,349000.0
1094,1,149000.0
1125,3,361960.0
1148,2,544000.0
1211,3,717000.0
1221,1,200000.0
1285,2,590000.0
1319,2,138000.0
1379,2,477000.0
1452,4,551000.0
1488,3,696000.0
1498,4,991000.0
1507,1,729000.0
1518,5,1173000.0
1519,3,1087000.0
1529,1,295000.0
1561,1,200000.0
1566,4,1316000.0
1638,1,198000.0
1650,2,501500.0
1871,1,295000.0
1881,2,278000.0
1899,3,653000.0
1918,2,158370.0
1920,2,698000.0
1961,1,349000.0
2041,4,1134000.0
2093,1,149000.0
2103,2,544000.0
2128,1,279000.0
2147,3,500000.0
2169,1,149000.0
2171,4,536000.0
2228,1,279000.0
2243,4,666000.0
2252,2,135000.0
2315,1,349000.0
2344,1,349000.0
2357,1,349000.0
2360,2,638000.0
2502,1,289000.0
2514,9,4841000.0
2596,3,517000.0
2605,5,1361000.0
2607,6,1027000.0
2618,2,644000.0
2632,3,842000.0
2655,2,738000.0
2760,1,279000.0
2872,4,987000.0
2893,2,544000.0
2894,1,248000.0
2974,1,279000.0
3042,1,149000.0
3060,2,531000.0
3071,1,295000.0
3095,4,882000.0
3138,2,477000.0
3146,2,678000.0
3203,1,279000.0
3229,2,888000.0
3274,1,149000.0
3275,1,279000.0
3280,1,279000.0
3294,2,698000.0
3306,5,1006000.0
3383,1,549000.0
3404,1,349000.0
3456,1,198000.0
3488,1,239000.0
3490,1,295000.0
3493,2,698000.0
3508,1,248000.0
3530,1,220000.0
3587,1,349000.0
3592,1,295000.0
3606,3,896000.0
3658,6,1089000.0
3685,6,1663000.0
3687,1,349000.0
3689,6,1629000.0
3726,3,1016000.0
3744,3,837000.0
3791,1,549000.0
3843,2,778000.0
3920,1,349000.0
3935,2,958000.0
4040,2,778000.0
4061,2,597000.0
4085,3,447000.0
4111,2,998000.0
4136,2,528000.0
4164,2,264000.0
4185,1,279000.0
4198,6,1808000.0
4281,1,295000.0
4345,1,279000.0
4419,1,149000.0
4434,1,279000.0
4476,4,1248000.0
4490,4,894000.0
4499,2,397000.0
4535,3,839000.0
4546,2,298000.0
4653,1,249000.0
4742,2,497000.0
4777,1,349000.0
4814,1,187000.0
4846,2,298000.0
4912,1,69000.0
4946,11,1684200.0
4947,2,360000.0
4973,4,739000.0
4976,3,307080.0
5008,9,3372000.0
5019,7,1761000.0
5065,1,249000.0
5098,7,1547000.0
5130,5,1225000.0
5154,8,1382000.0
5166,2,544000.0
5195,1,295000.0
5225,2,392000.0
5230,1,149000.0
5277,2,497000.0
5323,1,279000.0
5371,3,403440.0
5385,1,198000.0
5402,1,280000.0
5427,4,1000000.0
5534,1,239000.0
5597,1,589000.0
5615,1,198000.0
5699,2,374000.0
5763,5,892000.0
5776,2,440000.0
5800,1,279000.0
5882,1,249000.0
5956,2,738000.0
5965,4,1148000.0
6041,2,738000.0
6104,6,1424000.0
6128,3,894750.0
6136,2,528000.0
6140,2,446000.0
6168,1,89000.0
6181,1,250000.0
6202,1,279000.0
6237,1,248000.0
6287,4,996000.0
6318,4,414060.0
6348,1,279000.0
6429,1,198000.0
6448,2,311310.0
6458,2,644000.0
6512,3,184000.0
6536,1,198000.0
6566,1,389000.0
6593,2,154000.0
6620,2,477000.0
6805,10,2740000.0
6807,1,295000.0
6879,7,2553000.0
6919,1,279000.0
6930,8,1817000.0
6931,2,318000.0
6939,1,295000.0
7074,1,295000.0
7125,1,295000.0
7196,1,399000.0
7289,9,2429000.0
7299,2,298000.0
7332,1,248000.0
7405,1,279000.0
7436,2,355000.0
7453,1,389000.0
7456,2,347000.0
7588,1,279000.0
7620,17,4117000.0
7668,1,349000.0
7694,1,279000.0
7699,1,149000.0
7726,4,885000.0
7727,2,574000.0
7730,1,248000.0
7749,1,295000.0
7768,2,6000000.0
7887,1,198000.0
7891,2,644000.0
7896,3,839000.0
7936,2,298000.0
7986,2,155000.0
8005,2,388000.0
8007,1,349000.0
8175,6,1512000.0
8198,1,149000.0
8200,2,446000.0
8202,3,677000.0
8334,3,287000.0
8356,3,456000.0
8381,128,32590000.0
8437,1,198000.0
8443,2,574000.0
8486,1,279000.0
8504,2,424000.0
8517,1,295000.0
8533,2,447000.0
8612,1,248000.0
8645,5,1361000.0
8675,2,590000.0
8679,4,810000.0
8697,1,349000.0
8771,7,1703000.0
8773,13,3366000.0
8797,1,149000.0
8886,1,279000.0
8900,2,2587000.0
8915,1,295000.0
8922,1,295000.0
8975,4,995000.0
8983,1,295000.0
8986,6,1571000.0
9029,2,364440.0
9070,6,1270000.0
9127,1,279000.0
9171,2,347000.0
9187,2,518000.0
9372,1,295000.0
9388,2,549000.0
9401,2,179400.0
9422,1,349000.0
9517,1,198000.0
9523,1,279000.0
9540,1,279000.0
9572,1,349000.0
9613,2,409000.0
9625,2,428000.0
9635,2,944000.0
9714,1,149000.0
9766,1,149000.0
9784,1,349000.0
9801,3,496000.0
9811,3,939000.0
9832,1,249000.0
9900,1,279000.0
9957,2,493000.0
10043,2,298000.0
10047,4,970000.0
10060,3,791000.0
10063,2,778000.0
10065,1,349000.0
10079,3,756000.0
10084,5,818000.0
10200,1,389000.0
10213,1,295000.0
10230,3,447000.0
10250,2,544000.0
10279,1,280000.0
10295,5,875000.0
10304,1,279000.0
10327,4,893000.0
10334,2,310000.0
10342,2,543000.0
10364,4,1088000.0
10424,4,891000.0
10439,1,279000.0
10489,2,698000.0
10552,2,478000.0
10562,1,149000.0
10611,3,645000.0
10694,3,893000.0
10709,1,349000.0
10723,1,248000.0
10760,1,279000.0
10786,2,590000.0
10847,4,1067000.0
10849,1,349000.0
10867,1,249000.0
10949,1,169000.0
10952,2,738000.0
10960,2,529000.0
10969,11,2100000.0
10974,2,496000.0
10989,1,149000.0
10992,2,590000.0
11010,3,1023000.0
11015,1,295000.0
11029,1,295000.0
11030,4,1216000.0
11070,2,778000.0
11091,1,149000.0
11111,1,149000.0
11120,2,446000.0
11140,5,1490000.0
11171,1,349000.0
11196,3,1387000.0
11213,3,832000.0
11256,3,559000.0
11274,2,468000.0
11286,2,325000.0
11323,2,574000.0
11457,1,220000.0
11501,9,2680000.0
11516,2,558000.0
11579,2,644000.0
11607,2,628000.0
11638,1,349000.0
11698,1,149000.0
11739,6,1592000.0
11779,1,149000.0
11802,3,826000.0
11810,3,753000.0
11821,2,458000.0
11829,4,1218000.0
11858,2,362000.0
11888,1,279000.0
11906,1,89000.0
11952,2,574000.0
11971,5,806000.0
11989,3,675000.0
11992,17,2355000.0
12038,12,1956000.0
12045,1,149000.0
12128,1,279000.0
12134,1,349000.0
12165,2,388000.0
12278,1,150000.0
12279,1,198000.0
12286,2,499000.0
12301,3,577000.0
12353,3,795000.0
12447,1,149000.0
12497,2,207370.0
12501,1,279000.0
12519,2,498000.0
12527,1,295000.0
12549,2,544000.0
12568,1,295000.0
12594,1,198000.0
12618,3,447000.0
12682,1,349000.0
12730,2,493000.0
12739,1,249000.0
12792,1,349000.0
12801,3,879000.0
12880,2,298000.0
12888,1,249000.0
12957,1,149000.0
12984,2,590000.0
13037,2,393000.0
13091,3,792000.0
13142,1,219000.0
13172,2,298000.0
13228,5,1260000.0
13236,3,838000.0
13267,4,905000.0
13338,2,528000.0
13406,3,807000.0
13422,2,164330.0
13430,1,149000.0
13444,5,1316000.0
13456,1,279000.0
13498,3,889000.0
13521,3,847000.0
13528,1,149000.0
13629,1,249000.0
13701,1,149000.0
13720,1,250000.0
13765,1,349000.0
13783,1,239000.0
13818,4,872000.0
13832,5,1283000.0
13839,2,155000.0
13840,2,528000.0
13843,2,428000.0
13850,4,1164000.0
13861,1,295000.0
13899,7,1863000.0
13906,3,367000.0
13946,5,1429000.0
13953,1,248000.0
13978,4,1021000.0
14002,2,590000.0
14024,3,1293000.0
14083,1,149000.0
14107,2,590000.0
14190,1,279000.0
14233,5,1223000.0
14324,3,979000.0
14352,1,149000.0
14426,1,295000.0
14446,2,590000.0
14551,1,295000.0
14587,5,1091000.0
14609,4,584000.0
14685,2,493000.0
14714,1,279000.0
14725,1,476000.0
14766,1,279000.0
14768,7,1813000.0
14769,6,1338000.0
14785,2,158360.0
14798,1,295000.0
14801,2,493000.0
14832,4,1072000.0
14852,2,590000.0
14885,1,295000.0
14907,1,149000.0
14913,2,544000.0
14987,1,279000.0
14996,1,198000.0
15030,1,295000.0
15045,1,198000.0
15048,6,1501000.0
15091,6,1572000.0
15130,1,229000.0
15153,2,528000.0
15167,2,444000.0
15173,1,249000.0
15222,2,558000.0
15224,1,295000.0
15271,9,2883000.0
15273,1,295000.0
15297,2,298000.0
15325,1,349000.0
15329,2,309960.0
15359,5,1182000.0
15393,1,279000.0
15412,2,446000.0
15452,1,149000.0
15594,1,250000.0
15613,2,590000.0
15657,3,545000.0
15683,2,909000.0
15691,1,295000.0
15701,2,488000.0
15767,2,597000.0
15777,1,289000.0
15795,1,295000.0
15806,1,295000.0
15809,2,590000.0
15854,1,249000.0
15864,3,589000.0
15867,1,295000.0
15872,4,799000.0
15913,18,3816400.0
15921,1,149000.0
15928,1,198400.0
15941,1,249000.0
15959,1,149000.0
16086,1,150000.0
16087,3,635000.0
16102,3,837000.0
16116,1,295000.0
16189,2,440000.0
16196,2,144000.0
16250,2,208000.0
16258,2,298000.0
16262,4,1156000.0
16270,1,198000.0
16287,4,597000.0
16423,5,585000.0
16465,3,788000.0
16468,1,149000.0
16474,2,590000.0
16493,3,651000.0
16504,2,428000.0
16522,1,149000.0
16588,6,1510000.0
16638,2,444000.0
16722,1,295000.0
16767,1,295000.0
16921,9,1581000.0
16960,1,198000.0
16978,2,298000.0
17018,1,179000.0
17055,2,164000.0
17080,1,149000.0
17232,1,279000.0
17255,4,748000.0
17313,3,513000.0
17322,13,2753000.0
17334,1,249000.0
17351,3,307080.0
17359,2,417000.0
17409,8,1469900.0
17453,5,1188000.0
17479,2,328000.0
17586,1,349000.0
17588,1,230000.0
17592,4,616000.0
17594,4,873000.0
17614,1,389000.0
17644,3,696000.0
17650,3,233440.0
17724,1,149000.0
17734,1,149000.0
17741,2,444000.0
17744,1,209000.0
17754,2,164440.0
17791,1,198000.0
17793,2,315000.0
17830,1,279000.0
17846,1,250000.0
17896,2,498000.0
17908,2,543000.0
17950,1,298000.0
17970,1,248000.0
17998,1,198000.0
18009,4,521000.0
18012,1,198000.0
18023,3,777000.0
18028,2,212540.0
18037,4,531190.0
18096,1,198000.0
18118,1,150000.0
18149,2,398000.0
18167,1,279000.0
18200,1,349000.0
18239,1,248000.0
18293,1,198000.0
18309,1,219000.0
18326,2,298000.0
18332,3,590000.0
18358,3,823000.0
18374,3,676000.0
18391,4,468000.0
18406,4,1588000.0
18427,2,698000.0
18494,1,198000.0
18515,2,498000.0
18529,2,304000.0
18559,2,218000.0
18560,1,279000.0
18580,2,447000.0
18612,3,447000.0
18658,1,149000.0
18673,2,218000.0
18684,4,461000.0
18686,3,777000.0
18875,1,149000.0
18897,4,661000.0
18929,2,498000.0
18944,1,279000.0
18952,2,638000.0
18991,7,1737880.0
19011,5,1316000.0
19024,3,740000.0
19038,3,766000.0
19083,1,349000.0
19090,5,1184000.0
19094,1,279000.0
19113,2,328000.0
19121,1,295000.0
19123,2,446000.0
19161,3,977000.0
19193,2,446000.0
19206,8,2210000.0
19211,2,155000.0
19228,2,527000.0
19244,2,493000.0
19258,1,248000.0
19265,1,295000.0
19273,1,279000.0
19279,3,635000.0
19283,5,1084000.0
19286,2,397000.0
19307,1,295000.0
19308,2,422000.0
19332,12,2032000.0
19339,3,340000.0
19341,5,907000.0
19349,1,279000.0
19353,2,558000.0
19362,3,447000.0
19424,1,349000.0
19434,1,295000.0
19437,1,198000.0
19459,1,149000.0
19480,3,644000.0
19482,2,547000.0
19560,2,358000.0
19581,1,198000.0
19584,2,163960.0
19629,2,239000.0
19644,15,3909000.0
19658,1,349000.0
19662,2,158080.0
19673,2,493000.0
19690,4,594000.0
19699,2,527000.0
19702,2,253960.0
19741,1,149000.0
19758,1,198000.0
19794,2,547000.0
19834,2,400000.0
19866,3,806000.0
19883,2,417000.0
19920,1,149000.0
19942,1,279000.0
19950,1,349000.0
19957,1,349000.0
20019,2,477000.0
20034,1,169000.0
20046,1,279000.0
20058,1,198000.0
20072,1,198000.0
20125,4,1216000.0
20171,3,839000.0
20199,1,394000.0
20210,2,319000.0
20222,8,1992000.0
20230,2,558000.0
20248,2,172860.0
20256,2,254440.0
20258,1,149000.0
20265,1,198000.0
20276,1,149000.0
20307,1,279000.0
20309,3,153440.0
20311,1,248000.0
20316,3,333440.0
20324,1,349000.0
20329,1,149000.0
20349,1,149000.0
20382,1,279000.0
20396,1,279000.0
20412,2,298000.0
20416,3,306000.0
20461,3,826000.0
20563,12,3656000.0
20617,1,295000.0
20626,3,792000.0
20629,1,349000.0
20678,1,295000.0
20691,5,994000.0
20765,4,864000.0
20768,1,295000.0
20796,1,349000.0
20809,2,496000.0
20837,1,295000.0
20843,1,349000.0
20915,3,577000.0
20925,2,161000.0
20979,2,298000.0
20980,2,628000.0
21005,3,853000.0
21009,2,298000.0
21021,1,279000.0
21026,1,349000.0
21053,1,295000.0
21071,2,527000.0
21113,6,1248450.0
21135,2,178000.0
21156,2,528000.0
21176,2,164000.0
21215,1,248000.0
21266,2,544000.0
21285,1,279000.0
21293,1,149000.0
21354,1,149000.0
21359,1,295000.0
21367,2,396000.0
21368,3,577000.0
21377,1,349000.0
21390,3,562000.0
21415,2,467000.0
21431,3,577000.0
21451,1,249000.0
21452,1,149000.0
21475,3,537000.0
21504,2,698000.0
21517,2,164440.0
21549,3,887000.0
21555,2,496000.0
21619,2,298000.0
21634,4,1134000.0
21637,1,149000.0
21652,1,89000.0
21662,2,347000.0
21680,1,295000.0
21684,8,1784000.0
21707,1,149000.0
21731,2,496000.0
21843,2,350000.0
21863,1,149000.0
21865,1,20000.0
21888,1,198000.0
21905,1,149000.0
21947,1,50000.0
21976,1,295000.0
22050,1,248000.0
22056,2,493000.0
22076,2,347000.0
22118,8,2188900.0
22140,1,149000.0
22148,2,164440.0
22181,1,295000.0
22195,2,298000.0
22213,1,250750.0
22276,3,642000.0
22287,1,149000.0
22343,2,396000.0
22355,2,528000.0
22365,2,398000.0
22367,1,389000.0
22390,1,279000.0
22393,3,572960.0
22432,1,240000.0
22556,1,279000.0
22569,1,149000.0
22587,1,169000.0
22601,1,149000.0
22659,1,279000.0
22676,3,399900.0
22683,2,428000.0
22705,7,1751000.0
22747,2,298000.0
22752,1,349000.0
22840,2,547000.0
22871,1,349000.0
22890,3,723000.0
22914,1,295000.0
22928,2,366000.0
22936,5,1043500.0
22937,9,1900000.0
22959,2,498000.0
23005,1,349000.0
23010,2,477000.0
23018,2,528000.0
23037,1,298000.0
23042,7,1609000.0
23058,3,939000.0
23061,6,752460.0
23075,2,558000.0
23083,3,507000.0
23090,1,149000.0
23099,5,745000.0
23115,1,295000.0
23132,2,497000.0
23150,4,940000.0
23163,1,295000.0
23198,3,595000.0
23219,4,1796000.0
23256,5,1481000.0
23266,1,279000.0
23267,1,198000.0
23269,2,187570.0
23288,3,791000.0
23308,3,741000.0
23329,2,544000.0
23348,3,696000.0
23355,2,493000.0
23376,8,1958000.0
23413,3,656000.0
23455,3,400000.0
23498,1,219000.0
23514,3,839000.0
23585,1,149000.0
23592,4,1056000.0
23611,1,198000.0
23624,2,295000.0
23628,1,295000.0
23641,6,1035000.0
23644,1,149000.0
23671,2,240000.0
23717,2,298000.0
23733,1,279000.0
23738,2,300000.0
23741,2,215000.0
23747,1,149000.0
23760,1,169000.0
23777,6,1358000.0
23814,2,678000.0
23820,1,295000.0
23847,11,2795000.0
23855,1,219000.0
23879,3,362000.0
23881,4,716000.0
23897,1,198000.0
23920,3,837000.0
23922,4,1137000.0
23940,4,1179000.0
23949,1,149000.0
23966,2,298000.0
23974,1,279000.0
23982,4,1083000.0
23995,2,224500.0
24006,1,279000.0
24010,3,880000.0
24046,3,513000.0
24047,3,1047000.0
24052,2,444000.0
24095,2,496000.0
24111,2,446000.0
24132,2,428000.0
24163,2,477000.0
24198,6,1154000.0
24208,2,458000.0
24218,1,198000.0
24307,2,518000.0
24318,1,149000.0
24340,3,133280.0
24344,1,219000.0
24358,1,389000.0
24364,1,169000.0
24365,3,299000.0
24423,1,179000.0
24435,2,628000.0
24471,2,158000.0
24493,3,443500.0
24503,1,198000.0
24515,8,2178000.0
24533,2,544000.0
24535,2,474000.0
24545,2,398000.0
24553,3,447000.0
24564,1,295000.0
24575,1,149000.0
24577,8,866000.0
24584,3,296800.0
24598,13,1475600.0
24654,1,149000.0
24691,1,295000.0
24697,3,675000.0
24716,1,349000.0
24723,4,971000.0
24734,2,493000.0
24742,3,450000.0
24745,4,832000.0
24758,2,477000.0
24762,1,198000.0
24773,2,160000.0
24778,1,149000.0
24792,1,149000.0
24798,3,411440.0
24814,3,307370.0
24815,5,1283000.0
24818,1,249000.0
24826,2,347000.0
24844,9,2686000.0
24866,1,279000.0
24881,1,279000.0
24901,1,289000.0
24908,3,535320.0
24919,2,438000.0
25002,4,1113000.0
25008,7,1009000.0
25016,1,149000.0
25021,2,544000.0
25025,2,298000.0
25034,2,298000.0
25037,2,590000.0
25047,1,219000.0
25058,2,347000.0
25081,2,158370.0
25085,1,279000.0
25105,3,313330.0
25107,3,516000.0
25110,1,279000.0
25144,3,829000.0
25164,1,295000.0
25176,2,389000.0
25199,1,349000.0
25208,3,739000.0
25344,1,198000.0
25369,4,449000.0
25376,1,198000.0
25386,1,149000.0
25390,2,347000.0
25392,1,149000.0
25430,2,362250.0
25459,1,249000.0
25462,3,595000.0
25470,1,143200.0
25484,2,498000.0
25486,1,169000.0
25508,10,2808000.0
25531,1,179000.0
25557,1,150000.0
25572,8,442000.0
25592,2,159000.0
25634,3,772000.0
25645,5,390960.0
25650,1,149000.0
25655,1,349000.0
25700,1,349000.0
25719,4,775000.0
25727,1,149000.0
25738,1,279000.0
25768,1,56000.0
25785,1,149000.0
25792,1,295000.0
25798,1,349000.0
25802,5,1070000.0
25823,6,1143000.0
25832,3,447000.0
25833,2,298000.0
25839,3,693000.0
25843,2,447000.0
25850,1,295000.0
25856,2,474000.0
25864,2,300000.0
25876,1,295000.0
25928,2,574000.0
25947,4,555550.0
25948,1,248000.0
25949,1,239000.0
25950,2,628000.0
25951,1,149000.0
25952,3,869000.0
25953,2,897000.0
25954,3,375320.0
25955,1,149000.0
25956,2,212810.0
25957,2,590000.0
25958,1,169000.0
25959,1,149000.0
25960,1,279000.0
25961,2,348000.0
25962,1,198000.0
25963,1,195000.0
25964,3,783000.0
25965,3,777000.0
25966,2,388000.0
25967,1,295000.0
25968,2,544000.0
25969,1,248000.0
25970,1,295000.0
25971,1,279000.0
25972,2,628000.0
25973,1,119000.0
25974,1,349000.0
25975,1,295000.0
25976,1,120000.0
25977,4,996000.0
25978,2,212960.0
25979,2,212960.0
25980,1,149000.0
25981,1,198000.0
25982,1,295000.0
25983,5,1072000.0
25984,2,164440.0
25986,5,615000.0
25987,1,149000.0
25988,3,758000.0
25989,8,1196000.0
25990,2,155000.0
25991,2,256320.0
25992,1,295000.0
25993,2,347000.0
25994,1,198000.0
25995,1,149000.0
25996,1,198000.0
25997,2,738000.0
25998,2,444000.0
25999,2,388000.0
26000,2,396000.0
26001,3,594000.0
26002,8,2246000.0
26003,1,149000.0
26004,1,149000.0
26005,2,590000.0
26006,2,447000.0
26007,4,1180000.0
26008,2,498000.0
26009,2,310000.0
26010,1,248000.0
26011,5,1466000.0
26012,1,248000.0
26013,1,295000.0
26014,2,419000.0
26015,3,693000.0
26016,2,288080.0
26017,1,149000.0
26018,2,498000.0
26019,4,1056000.0
26020,2,477000.0
26021,3,792000.0
26022,1,279000.0
26023,2,261500.0
26024,3,747000.0
26025,1,279000.0
26026,2,234440.0
26027,2,176460.0
26028,3,447000.0
26029,2,493000.0
26030,3,596000.0
26031,4,1020000.0
26032,1,149000.0
26033,3,726000.0
26034,1,198000.0
26035,1,198000.0
26036,1,349000.0
26037,2,698000.0
26039,1,149000.0
26040,1,279000.0
26041,1,248000.0
26042,2,528000.0
26043,1,249000.0
26044,1,198000.0
26045,1,279000.0
26046,7,1449000.0
26047,1,219000.0
26048,5,1190000.0
26049,4,1140000.0
26050,2,298000.0
26051,1,295000.0
26052,1,249000.0
26053,2,428000.0
26054,2,496000.0
26055,1,279000.0
26056,1,248000.0
26057,3,363000.0
26058,1,149000.0
26059,3,313000.0
26060,1,149000.0
26061,2,477000.0
26062,1,295000.0
26063,1,589000.0
26064,4,1186000.0
26065,1,279000.0
26066,3,412960.0
26067,3,772000.0
26068,2,528000.0
26069,6,1392000.0
26070,4,1118000.0
26071,2,684000.0
26072,8,2088000.0
26073,1,149000.0
26074,1,198000.0
26075,1,149000.0
26076,1,389000.0
26077,4,837000.0
26078,2,684000.0
26079,1,149000.0
26080,1,289000.0
26081,3,777000.0
26082,2,527000.0
26083,1,198000.0
26084,1,279000.0
26085,1,279000.0
26086,1,198000.0
26087,2,738000.0
26088,2,527000.0
26089,1,198000.0
26090,2,493000.0
26091,1,198000.0
26092,1,279000.0
26093,1,295000.0
26094,4,990000.0
26095,2,477000.0
26096,1,295000.0
26097,2,528000.0
26098,2,678000.0
26099,4,1021000.0
26100,2,288080.0
26101,2,288370.0
26102,2,212960.0
26103,2,312320.0
26104,2,364440.0
26105,1,295000.0
26106,6,953000.0
26107,1,279000.0
26108,1,295000.0
26109,2,207370.0
26110,1,279000.0
26111,1,295000.0
26113,5,1177000.0
26114,3,406000.0
26115,1,295000.0
26116,2,590000.0
26117,1,198000.0
26118,1,295000.0
26119,1,279000.0
26121,2,644000.0
26122,1,295000.0
26123,2,590000.0
26124,1,279000.0
26125,1,239000.0
26126,8,1926000.0
26127,2,493000.0
26128,5,1163000.0
26129,2,262300.0
26130,1,279000.0
26131,3,626000.0
26132,12,2199000.0
26133,1,198000.0
26134,1,150000.0
26135,2,558000.0
26136,1,149000.0
26137,2,528000.0
26138,1,198000.0
26139,2,590000.0
26140,2,574000.0
26141,2,498000.0
26142,1,279000.0
26143,2,528000.0
26144,1,249000.0
26145,3,307370.0
26146,3,742000.0
26147,1,279000.0
26148,2,528000.0
26149,1,149000.0
26150,1,295000.0
26151,1,279000.0
26152,9,3194000.0
26153,2,298000.0
26155,4,1118000.0
26156,1,279000.0
26158,1,279000.0
26159,2,261000.0
26160,1,279000.0
26161,3,683000.0
26162,5,1335000.0
26163,2,544000.0
26165,1,249000.0
26166,5,1427000.0
26167,1,248000.0
26168,1,295000.0
26169,3,777000.0
26170,1,279000.0
26171,2,497000.0
26172,1,279000.0
26173,2,515000.0
26174,1,149000.0
26175,2,291000.0
26176,1,295000.0
26177,1,279000.0
26178,2,298000.0
26179,4,1056000.0
26180,2,347000.0
26181,2,493000.0
26182,1,279000.0
26183,4,1056000.0
26184,3,656000.0
26185,1,198000.0
26186,1,198000.0
26187,3,547000.0
26188,2,499000.0
26189,10,2635000.0
26190,5,1209000.0
26191,1,279000.0
26192,4,1055000.0
26193,1,279000.0
26194,3,822000.0
26195,1,198000.0
26196,1,279000.0
26197,1,279000.0
26198,2,489000.0
26199,1,295000.0
26200,4,456370.0
26201,2,590000.0
26202,2,293960.0
26203,1,295000.0
26204,2,477000.0
26205,1,280000.0
26206,4,881000.0
26207,3,583000.0
26208,2,477000.0
26209,7,1920000.0
26210,1,198000.0
26211,3,823000.0
26212,1,198000.0
26213,1,149000.0
26214,1,248000.0
26215,1,198000.0
26216,4,1036000.0
26217,2,477000.0
26218,3,742000.0
26219,3,307080.0
26220,1,248000.0
26221,1,149000.0
26222,2,544000.0
26223,4,990000.0
26224,1,248000.0
26225,3,559000.0
26226,2,590000.0
26227,2,347000.0
26229,3,492160.0
26230,2,358370.0
26231,1,349000.0
26232,1,248000.0
26233,2,477000.0
26234,2,493000.0
26235,1,248000.0
26236,2,543000.0
26237,10,2508000.0
26238,3,988000.0
26239,2,493000.0
26240,2,574000.0
26241,2,574000.0
26242,1,295000.0
26243,2,493000.0
26244,2,590000.0
26245,2,294000.0
26246,2,558000.0
26247,2,398000.0
26248,1,279000.0
26249,2,493000.0
26250,2,528000.0
26251,3,493000.0
26252,2,798000.0
26253,3,580000.0
26254,1,295000.0
26255,2,798000.0
26256,1,279000.0
26257,1,295000.0
26258,2,544000.0
26259,3,807000.0
26260,1,250000.0
26261,3,839000.0
26262,1,295000.0
26263,4,889000.0
26264,4,1180000.0
26265,1,295000.0
26266,4,964000.0
26267,1,249000.0
26268,1,249000.0
26269,1,295000.0
26270,2,496000.0
26271,1,249000.0
26272,5,1316000.0
26273,4,986000.0
26274,4,1036000.0
26275,2,499000.0
26276,1,295000.0
26277,1,295000.0
26278,1,279000.0
26279,1,149000.0
26280,1,198000.0
26281,1,279000.0
26282,1,295000.0
26283,17,4123000.0
26284,1,279000.0
26285,2,447000.0
26286,1,279000.0
26287,1,149000.0
26288,2,493000.0
26289,1,279000.0
26290,1,295000.0
26291,2,397000.0
26292,2,543000.0
26293,2,528000.0
26294,1,295000.0
26295,1,295000.0
26296,8,2070000.0
26297,1,248000.0
26298,5,1351000.0
26299,1,295000.0
26300,1,249000.0
26301,1,149000.0
26302,2,484000.0
26303,1,198000.0
26304,2,496000.0
26305,3,823000.0
26306,12,3149000.0
26307,2,527000.0
26308,2,266000.0
26309,1,279000.0
26310,1,279000.0
26311,1,279000.0
26312,1,295000.0
26313,2,528000.0
26314,1,295000.0
26315,1,149000.0
26316,1,198000.0
26317,2,298000.0
26318,1,198000.0
26319,1,279000.0
26320,3,795000.0
26321,9,2336000.0
26322,2,268000.0
26323,3,741000.0
26324,1,249000.0
26325,1,295000.0
26326,2,544000.0
26327,2,447000.0
26328,1,279000.0
26329,4,1037000.0
26330,2,527000.0
26331,1,248000.0
26332,1,248000.0
26333,1,249000.0
26334,1,249000.0
26335,4,428000.0
26336,1,198000.0
26337,2,347000.0
26338,1,295000.0
26339,3,696000.0
26340,1,249000.0
26341,1,198000.0
26342,3,742000.0
26343,4,1088000.0
26344,1,249000.0
26345,1,295000.0
26346,2,496000.0
26347,3,651000.0
26348,1,295000.0
26349,1,249000.0
26350,3,772000.0
26351,4,1045000.0
26352,7,2128000.0
26353,1,295000.0
26354,3,676000.0
26355,2,428000.0
26356,2,468000.0
26357,1,295000.0
26358,1,298000.0
26359,1,295000.0
26360,1,279000.0
26361,1,149000.0
26362,2,590000.0
26363,2,164440.0
26364,1,149000.0
26365,3,643000.0
26366,1,249000.0
26367,3,447000.0
26368,1,149000.0
26369,1,149000.0
26370,2,418000.0
26371,1,349000.0
26372,3,923000.0
26373,2,158370.0
26374,2,413190.0
26375,3,307370.0
26376,1,239000.0
26377,1,279000.0
26378,2,528000.0
26379,1,349000.0
26380,4,466500.0
26382,1,295000.0
26383,1,349000.0
26384,2,366320.0
26385,2,156460.0
26386,1,149000.0
26387,1,149000.0
26388,1,295000.0
26389,2,164440.0
26390,2,298000.0
26391,2,310440.0
26392,5,654370.0
26393,2,298000.0
26394,1,279000.0
26395,2,498000.0
26396,2,404000.0
26397,3,308000.0
26398,3,313440.0
26399,3,459000.0
26400,1,149000.0
26401,1,349000.0
26402,1,179000.0
26403,1,296000.0
26404,1,149000.0
26405,8,1442000.0
26406,2,298000.0
26407,3,1047000.0
26408,1,149000.0
26409,1,149000.0
26410,5,1185000.0
26411,2,295000.0
26412,2,400000.0
26414,2,298000.0
26415,2,628000.0
26416,1,149000.0
26417,1,149000.0
26418,4,276000.0
26419,4,1029000.0
26420,1,349000.0
26421,4,308079.0
26422,2,158370.0
26423,1,236000.0
26424,2,158080.0
26425,2,590000.0
26426,1,297000.0
26427,6,1288000.0
26428,2,298000.0
26429,2,103960.0
26430,2,164000.0
26431,1,69000.0
26432,9,2819000.0
26433,5,1275000.0
26434,1,449000.0
26435,1,295000.0
26436,3,627000.0
26437,2,158370.0
26438,1,279000.0
26439,2,207370.0
26440,2,698000.0
26441,2,291000.0
26442,1,149000.0
26443,2,558000.0
26444,3,676000.0
26445,2,163960.0
26446,1,149000.0
26447,5,644080.0
26448,1,169000.0
26449,1,149000.0
26450,3,307080.0
26451,1,239000.0
26452,1,295000.0
26453,2,388000.0
26454,1,279000.0
26455,1,149000.0
26456,1,149000.0
26457,1,149000.0
26458,1,148500.0
26459,7,824800.0
26460,2,164440.0
26461,2,738000.0
26462,2,638000.0
26463,2,284000.0
26464,2,363960.0
26465,2,158867.0
26466,1,295000.0
26467,1,350000.0
26468,1,149000.0
26469,2,363960.0
26470,2,158080.0
26471,1,349000.0
26473,1,389000.0
26474,3,892000.0
26475,1,179000.0
26476,1,149000.0
26477,1,499000.0
26478,2,738000.0
26479,2,298000.0
26480,1,149000.0
26481,1,179000.0
26482,4,1056000.0
26483,1,149000.0
26484,2,164440.0
26485,2,397000.0
26486,1,198000.0
26487,1,279000.0
26488,1,149000.0
26489,1,149000.0
26490,1,69000.0
26491,2,158000.0
26492,1,219000.0
26493,2,487000.0
26494,1,149000.0
26495,1,349000.0
26496,1,139000.0
26498,2,298000.0
26499,2,388000.0
26500,1,279000.0
26501,1,295000.0
26502,1,149000.0
26503,1,295000.0
26505,2,374000.0
26506,1,295000.0
26507,1,349000.0
26508,2,698000.0
26509,3,704000.0
26510,3,307080.0
26511,2,207080.0
26512,1,349000.0
26513,2,234440.0
26514,1,198000.0
26515,1,349000.0
26516,1,112000.0
26517,1,198000.0
26518,1,149000.0
26519,2,298000.0
26520,1,349000.0
26521,1,149000.0
26522,1,350000.0
26523,5,1005080.0
26524,1,279000.0
26525,1,149000.0
26526,1,349000.0
26527,2,347000.0
26528,2,298000.0
26529,1,389000.0
26530,1,349000.0
26531,1,169000.0
26532,1,349000.0
26533,1,295000.0
26534,1,279000.0
26535,2,178000.0
26536,3,267000.0
26537,1,149000.0
26538,2,388000.0
26539,1,149000.0
26540,2,298000.0
26541,1,149000.0
26542,1,279000.0
26543,3,332320.0
26544,1,349000.0
26545,3,577000.0
26546,2,558000.0
26547,1,349000.0
26548,2,356460.0
26549,1,500000.0
26550,6,797000.0
26551,2,513000.0
26552,4,241000.0
26553,3,362000.0
26554,1,389000.0
26555,17,4904000.0
26556,1,279000.0
26557,1,149000.0
26558,2,644000.0
26559,2,238000.0
26560,4,855000.0
26561,3,1027000.0
26562,1,149000.0
26563,1,149000.0
26564,1,89000.0
26566,1,295000.0
26567,3,447000.0
26568,1,149000.0
26569,2,298000.0
26570,1,389000.0
26571,1,349000.0
26572,3,404000.0
26573,1,149000.0
26574,1,149000.0
26575,1,389000.0
26576,1,149000.0
26577,1,349000.0
26578,3,616000.0
26579,1,149000.0
26580,1,350000.0
26581,2,628000.0
26582,1,349000.0
26583,2,298000.0
26584,1,248000.0
26585,4,596000.0
26586,1,230000.0
26587,1,349000.0
26588,2,184000.0
26589,3,707000.0
26590,1,349000.0
26591,1,589000.0
26592,1,349000.0
26593,2,280000.0
26595,2,698000.0
26596,1,349000.0
26597,1,248000.0
26598,2,178000.0
26599,3,400000.0
26600,1,295000.0
26601,1,248000.0
26602,1,149000.0
26603,1,279000.0
26604,1,389000.0
26605,2,328000.0
26606,2,644000.0
26607,1,149000.0
26608,1,295000.0
26609,2,158370.0
26610,3,354310.0
26612,8,2097000.0
26613,1,295000.0
26614,2,403960.0
26615,1,149000.0
26616,5,898000.0
26617,3,457000.0
26618,3,307080.0
26619,1,270000.0
26620,9,1901000.0
26621,4,1083000.0
26622,1,589000.0
26623,1,149000.0
26624,2,301000.0
26625,1,150000.0
26626,1,179000.0
26627,2,245000.0
26628,1,198000.0
26631,1,239000.0
26632,1,198000.0
26633,2,428000.0
26634,2,498000.0
26635,2,498000.0
26636,3,1187000.0
26637,1,198000.0
26638,1,149000.0
26639,1,149000.0
26640,2,209960.0
26641,2,164330.0
26642,1,265500.0
26644,2,474000.0
26645,2,418000.0
26647,2,347000.0
26648,1,149000.0
26649,3,593000.0
26650,3,448000.0
26651,1,295000.0
26652,1,248000.0
26653,2,558000.0
26654,1,149000.0
26655,1,170000.0
26656,2,164440.0
26657,2,444000.0
26658,1,389000.0
26660,1,170000.0
26662,1,169000.0
26663,6,1566000.0
26664,3,1033000.0
26666,1,149000.0
26667,1,198000.0
26668,1,198000.0
26669,1,198000.0
26670,2,158080.0
26671,1,279000.0
26673,1,295000.0
26674,1,149000.0
26675,2,498000.0
26676,4,794000.0
26677,1,295000.0
26678,1,149000.0
26680,1,198000.0
26681,2,176240.0
26682,1,589000.0
26683,2,258360.0
26684,2,258370.0
26685,2,304080.0
26686,5,1391000.0
26687,1,149000.0
26689,2,169000.0
26690,1,349000.0
26691,1,198000.0
26692,2,628000.0
26693,2,158370.0
26694,1,198000.0
26695,2,590000.0
26696,1,215000.0
26697,1,169000.0
26698,2,204000.0
26700,1,350000.0
26701,2,518000.0
26702,4,917000.0
26703,4,697000.0
26704,6,1631000.0
26705,1,249000.0
26706,1,199200.0
26707,1,260000.0
26708,1,349000.0
26709,4,1095000.0
26710,2,447000.0
26712,3,565000.0
